{"cameraMode":{"drawMode":0,"name":"Shaded","section":"Shading Mode"},"sceneLighting":false,"audioPlay":false,"sceneViewState":{"m_AlwaysRefresh":false,"showFog":true,"showSkybox":false,"showFlares":true,"showImageEffects":true,"showParticleSystems":true,"showVisualEffectGraphs":true,"m_FxEnabled":true},"in2DMode":false,"pivot":{"x":0.01079133152961731,"y":0.07399551570415497,"z":0.06786126643419266},"rotation":{"x":0.08311370015144348,"y":0.7741336226463318,"z":-0.10396526753902435,"w":0.618871808052063},"size":0.2305106669664383,"orthographic":true}