{"cameraMode":{"drawMode":0,"name":"Shaded","section":"Shading Mode"},"sceneLighting":false,"audioPlay":false,"sceneViewState":{"m_AlwaysRefresh":false,"showFog":true,"showSkybox":false,"showFlares":true,"showImageEffects":true,"showParticleSystems":true,"showVisualEffectGraphs":true,"m_FxEnabled":true},"in2DMode":false,"pivot":{"x":0.1070064902305603,"y":-0.7521624565124512,"z":-0.0008680820465087891},"rotation":{"x":0.1249905377626419,"y":0.8740239143371582,"z":-0.3090744614601135,"w":0.35345786809921267},"size":1.152485728263855,"orthographic":true}